[
  {
    "id": "BrazilianState",
    "type": "CodeSystem",
    "url": "https://ancode.app/fhir/CodeSystem/BrazilianState",
    "version": "0.1",
    "name": "BrazilianState"
  },
  {
    "id": "Country",
    "type": "CodeSystem",
    "url": "https://ancode.app/fhir/CodeSystem/Country",
    "version": "0.1",
    "name": "Country"
  },
  {
    "id": "IdentifierType",
    "type": "CodeSystem",
    "url": "https://ancode.app/fhir/CodeSystem/IdentifierType",
    "version": "0.1",
    "name": "IdentifierType"
  },
  {
    "id": "Race",
    "type": "CodeSystem",
    "url": "https://ancode.app/fhir/CodeSystem/Race",
    "version": "0.1",
    "name": "Race"
  },
  {
    "id": "ancode.app.fhir.anhealth",
    "type": "ImplementationGuide",
    "url": "https://ancode.app/fhir/ImplementationGuide/ancode.app.fhir.anhealth",
    "version": "0.1",
    "name": "AnHealth"
  },
  {
    "id": "Address",
    "type": "StructureDefinition",
    "url": "https://ancode.app/fhir/StructureDefinition/Address",
    "version": "0.1",
    "name": "Address"
  },
  {
    "id": "AddressComplement",
    "type": "StructureDefinition",
    "url": "https://ancode.app/fhir/StructureDefinition/AddressComplement",
    "version": "0.1",
    "name": "AddressComplement"
  },
  {
    "id": "Appointment",
    "type": "StructureDefinition",
    "url": "https://ancode.app/fhir/StructureDefinition/Appointment",
    "version": "0.1",
    "name": "Appointment"
  },
  {
    "id": "AppointmentResponse",
    "type": "StructureDefinition",
    "url": "https://ancode.app/fhir/StructureDefinition/AppointmentResponse",
    "version": "0.1",
    "name": "AppointmentResponse"
  },
  {
    "id": "City",
    "type": "StructureDefinition",
    "url": "https://ancode.app/fhir/StructureDefinition/City",
    "version": "0.1",
    "name": "City"
  },
  {
    "id": "ContactPoint",
    "type": "StructureDefinition",
    "url": "https://ancode.app/fhir/StructureDefinition/ContactPoint",
    "version": "0.1",
    "name": "ContactPoint"
  },
  {
    "id": "Country",
    "type": "StructureDefinition",
    "url": "https://ancode.app/fhir/StructureDefinition/Country",
    "version": "0.1",
    "name": "Country"
  },
  {
    "id": "Encounter",
    "type": "StructureDefinition",
    "url": "https://ancode.app/fhir/StructureDefinition/Encounter",
    "version": "0.1",
    "name": "Encounter"
  },
  {
    "id": "HealthPublicSevice",
    "type": "StructureDefinition",
    "url": "https://ancode.app/fhir/StructureDefinition/HealthPublicSevice",
    "version": "0.1",
    "name": "HealthPublicSevice"
  },
  {
    "id": "HealthcareService",
    "type": "StructureDefinition",
    "url": "https://ancode.app/fhir/StructureDefinition/HealthcareService",
    "version": "0.1",
    "name": "HealthcareService"
  },
  {
    "id": "HumanName",
    "type": "StructureDefinition",
    "url": "https://ancode.app/fhir/StructureDefinition/HumanName",
    "version": "0.1",
    "name": "HumanName"
  },
  {
    "id": "IBGECode",
    "type": "StructureDefinition",
    "url": "https://ancode.app/fhir/StructureDefinition/IBGECode",
    "version": "0.1",
    "name": "IBGECode"
  },
  {
    "id": "Identifier",
    "type": "StructureDefinition",
    "url": "https://ancode.app/fhir/StructureDefinition/Identifier",
    "version": "0.1",
    "name": "Identifier"
  },
  {
    "id": "Location",
    "type": "StructureDefinition",
    "url": "https://ancode.app/fhir/StructureDefinition/Location",
    "version": "0.1",
    "name": "Location"
  },
  {
    "id": "Neighborhood",
    "type": "StructureDefinition",
    "url": "https://ancode.app/fhir/StructureDefinition/Neighborhood",
    "version": "0.1",
    "name": "Neighborhood"
  },
  {
    "id": "Organization",
    "type": "StructureDefinition",
    "url": "https://ancode.app/fhir/StructureDefinition/Organization",
    "version": "0.1",
    "name": "Organization"
  },
  {
    "id": "OrganizationAffiliation",
    "type": "StructureDefinition",
    "url": "https://ancode.app/fhir/StructureDefinition/OrganizationAffiliation",
    "version": "0.1",
    "name": "OrganizationAffiliation"
  },
  {
    "id": "Patient",
    "type": "StructureDefinition",
    "url": "https://ancode.app/fhir/StructureDefinition/Patient",
    "version": "0.1",
    "name": "Patient"
  },
  {
    "id": "Person",
    "type": "StructureDefinition",
    "url": "https://ancode.app/fhir/StructureDefinition/Person",
    "version": "0.1",
    "name": "Person"
  },
  {
    "id": "Practitioner",
    "type": "StructureDefinition",
    "url": "https://ancode.app/fhir/StructureDefinition/Practitioner",
    "version": "0.1",
    "name": "Practitioner"
  },
  {
    "id": "PractitionerRole",
    "type": "StructureDefinition",
    "url": "https://ancode.app/fhir/StructureDefinition/PractitionerRole",
    "version": "0.1",
    "name": "PractitionerRole"
  },
  {
    "id": "ProtectedPerson",
    "type": "StructureDefinition",
    "url": "https://ancode.app/fhir/StructureDefinition/ProtectedPerson",
    "version": "0.1",
    "name": "ProtectedPerson"
  },
  {
    "id": "Race",
    "type": "StructureDefinition",
    "url": "https://ancode.app/fhir/StructureDefinition/Race",
    "version": "0.1",
    "name": "Race"
  },
  {
    "id": "RelatedPerson",
    "type": "StructureDefinition",
    "url": "https://ancode.app/fhir/StructureDefinition/RelatedPerson",
    "version": "0.1",
    "name": "RelatedPerson"
  },
  {
    "id": "Schedule",
    "type": "StructureDefinition",
    "url": "https://ancode.app/fhir/StructureDefinition/Schedule",
    "version": "0.1",
    "name": "Schedule"
  },
  {
    "id": "Slot",
    "type": "StructureDefinition",
    "url": "https://ancode.app/fhir/StructureDefinition/Slot",
    "version": "0.1",
    "name": "Slot"
  },
  {
    "id": "StreetName",
    "type": "StructureDefinition",
    "url": "https://ancode.app/fhir/StructureDefinition/StreetName",
    "version": "0.1",
    "name": "StreetName"
  },
  {
    "id": "StreetNumber",
    "type": "StructureDefinition",
    "url": "https://ancode.app/fhir/StructureDefinition/StreetNumber",
    "version": "0.1",
    "name": "StreetNumber"
  },
  {
    "id": "StreetType",
    "type": "StructureDefinition",
    "url": "https://ancode.app/fhir/StructureDefinition/StreetType",
    "version": "0.1",
    "name": "StreetType"
  },
  {
    "id": "BrazilianState",
    "type": "ValueSet",
    "url": "https://ancode.app/fhir/ValueSet/BrazilianState",
    "version": "0.1",
    "name": "BrazilianState"
  },
  {
    "id": "Country",
    "type": "ValueSet",
    "url": "https://ancode.app/fhir/ValueSet/Country",
    "version": "0.1",
    "name": "Country"
  },
  {
    "id": "IdentifierType",
    "type": "ValueSet",
    "url": "https://ancode.app/fhir/ValueSet/IdentifierType",
    "version": "0.1",
    "name": "IdentifierType"
  },
  {
    "id": "Race",
    "type": "ValueSet",
    "url": "https://ancode.app/fhir/ValueSet/Race",
    "version": "0.1",
    "name": "Race"
  }
]