<?xml version="1.0" encoding="UTF-8"?>

<CodeSystem xmlns="http://hl7.org/fhir">
  <id value="IdentifierType"/>
  <text>
    <status value="generated"/><div xmlns="http://www.w3.org/1999/xhtml"><p><b>Properties</b></p><table class="grid"><tr><td><b>Code</b></td><td><b>URL</b></td><td><b>Description</b></td><td><b>Type</b></td></tr><tr><td>use</td><td/><td>Uso do Tipo do Identificador</td><td>code</td></tr></table><p>This code system https://ancode.app/fhir/CodeSystem/IdentifierType defines the following codes:</p><table class="codes"><tr><td style="white-space:nowrap"><b>Code</b></td><td><b>Display</b></td></tr><tr><td style="white-space:nowrap">CPF<a name="IdentifierType-CPF"> </a></td><td>CPF</td></tr><tr><td style="white-space:nowrap">CNS<a name="IdentifierType-CNS"> </a></td><td>Cartão Nacional de Saúde</td></tr><tr><td style="white-space:nowrap">RG<a name="IdentifierType-RG"> </a></td><td>Registro Geral</td></tr><tr><td style="white-space:nowrap">CNH<a name="IdentifierType-CNH"> </a></td><td>Carteira Nacional de Habilitação</td></tr><tr><td style="white-space:nowrap">INSS<a name="IdentifierType-INSS"> </a></td><td>Instituto Nacional do Seguro Social</td></tr><tr><td style="white-space:nowrap">PIS/PASEP<a name="IdentifierType-PIS.47PASEP"> </a></td><td>Programa de Integração Social / Programa de Formação do Patrimônio do Servidor Público</td></tr><tr><td style="white-space:nowrap">NIT<a name="IdentifierType-NIT"> </a></td><td>Número de Registro do Trabalhador</td></tr><tr><td style="white-space:nowrap">PASSAPORT<a name="IdentifierType-PASSAPORT"> </a></td><td>Passaporte</td></tr><tr><td style="white-space:nowrap">BIOMETRIA/FACIAL<a name="IdentifierType-BIOMETRIA.47FACIAL"> </a></td><td>Biometria Facial</td></tr><tr><td style="white-space:nowrap">AUTH<a name="IdentifierType-AUTH"> </a></td><td>AUTH</td></tr><tr><td style="white-space:nowrap">CRA<a name="IdentifierType-CRA"> </a></td><td>Número de inscrição no Conselho Regional de Administração (CRA)</td></tr><tr><td style="white-space:nowrap">CRESS<a name="IdentifierType-CRESS"> </a></td><td>Número de inscrição no Conselho Regional de Serviço Social (CRESS)</td></tr><tr><td style="white-space:nowrap">CRB<a name="IdentifierType-CRB"> </a></td><td>Número de inscrição no Conselho Regional de Biblioteconomia (CRB)</td></tr><tr><td style="white-space:nowrap">CRC<a name="IdentifierType-CRC"> </a></td><td>Número de inscrição no Conselho Regional de Contabilidade (CRC)</td></tr><tr><td style="white-space:nowrap">CRECI<a name="IdentifierType-CRECI"> </a></td><td>Número de inscrição no Conselho Regional de Corretores de Imóveis (CRECI)</td></tr><tr><td style="white-space:nowrap">CORECON<a name="IdentifierType-CORECON"> </a></td><td>Número de inscrição no Conselho Regional de Economia (CORECON)</td></tr><tr><td style="white-space:nowrap">CREA<a name="IdentifierType-CREA"> </a></td><td>Número de inscrição no Conselho Regional de Engenharia e Agronomia (CREA)</td></tr><tr><td style="white-space:nowrap">CONFRE<a name="IdentifierType-CONFRE"> </a></td><td>Número de inscrição no Conselho Regional de Estatística (CONRE)</td></tr><tr><td style="white-space:nowrap">CRF<a name="IdentifierType-CRF"> </a></td><td>Número de inscrição no Conselho Regional de Farmácia (CRF)</td></tr><tr><td style="white-space:nowrap">CREFITO<a name="IdentifierType-CREFITO"> </a></td><td>Número de inscrição no Conselho Regional de Fisioterapia e Terapia Ocupacional (CREFITO)</td></tr><tr><td style="white-space:nowrap">CRM<a name="IdentifierType-CRM"> </a></td><td>Número de inscrição no Conselho Regional de Medicina (CRM)</td></tr><tr><td style="white-space:nowrap">CRMV<a name="IdentifierType-CRMV"> </a></td><td>Número de inscrição no Conselho Regional de Medicina Veterinária (CRMV)</td></tr><tr><td style="white-space:nowrap">CRN<a name="IdentifierType-CRN"> </a></td><td>Número de inscrição no Conselho Regional de Nutrição (CRN)</td></tr><tr><td style="white-space:nowrap">CONRERP<a name="IdentifierType-CONRERP"> </a></td><td>Número de inscrição no Conselho Regional de Reçações Públicas (CONRERP)</td></tr><tr><td style="white-space:nowrap">CRP<a name="IdentifierType-CRP"> </a></td><td>Número de inscrição no Conselho Regional de Psicologia (CRP)</td></tr><tr><td style="white-space:nowrap">CRQ<a name="IdentifierType-CRQ"> </a></td><td>Número de inscrição no Conselho Regional de Química (CRQ)</td></tr><tr><td style="white-space:nowrap">CORE<a name="IdentifierType-CORE"> </a></td><td>Número de inscrição no Conselho Regional de Representantes Comerciais (CORE)</td></tr><tr><td style="white-space:nowrap">CREF<a name="IdentifierType-CREF"> </a></td><td>Número de inscrição no Conselho Regional de Educação Física (CREF)</td></tr><tr><td style="white-space:nowrap">CAU<a name="IdentifierType-CAU"> </a></td><td>Número de inscrição no Conselho Regional de Arquitetura e Urbanismo (CAU)</td></tr><tr><td style="white-space:nowrap">CRBIO<a name="IdentifierType-CRBIO"> </a></td><td>Número de inscrição no Conselho Regional de Biologia (CRBio)</td></tr><tr><td style="white-space:nowrap">CRBM<a name="IdentifierType-CRBM"> </a></td><td>Número da inscrição no Conselho Regional de Biomedicina (CRBM)</td></tr><tr><td style="white-space:nowrap">CRFA<a name="IdentifierType-CRFA"> </a></td><td>Número da inscrição no Conselho Regional de Fonoaudiologia (CRFa/CREFONO)</td></tr><tr><td style="white-space:nowrap">CRTR<a name="IdentifierType-CRTR"> </a></td><td>Número da inscrição no Conselho Regional de Técnicos em Radiologia (CRTR)</td></tr><tr><td style="white-space:nowrap">CRT<a name="IdentifierType-CRT"> </a></td><td>Número da inscrição no Conselho Regional dos Técnicos Industriais (CRT)</td></tr><tr><td style="white-space:nowrap">OAB<a name="IdentifierType-OAB"> </a></td><td>Número de inscrição na Ordem dos Advogados do BRAasil (OAB)</td></tr><tr><td style="white-space:nowrap">IDMIL<a name="IdentifierType-IDMIL"> </a></td><td>Número da Identidade Militar</td></tr><tr><td style="white-space:nowrap">IDFUNC<a name="IdentifierType-IDFUNC"> </a></td><td>Número da Identidade Funcional</td></tr><tr><td style="white-space:nowrap">CNPJ<a name="IdentifierType-CNPJ"> </a></td><td>Número de inscrição no Cadastro Nacional da Pessoa Jurídica (CNPJ)</td></tr><tr><td style="white-space:nowrap">IE<a name="IdentifierType-IE"> </a></td><td>Inscrição Estadual</td></tr><tr><td style="white-space:nowrap">IM<a name="IdentifierType-IM"> </a></td><td>Inscrição Municipal</td></tr><tr><td style="white-space:nowrap">CNES<a name="IdentifierType-CNES"> </a></td><td>Código Nacional Estabelecimento Saúde</td></tr></table></div>
  </text>
  <url value="https://ancode.app/fhir/CodeSystem/IdentifierType"/>
  <version value="0.1"/>
  <name value="IdentifierType"/>
  <status value="active"/>
  <experimental value="false"/>
  <date value="2021-11-30"/>
  <publisher value="Ancode"/>
  <contact>
    <telecom>
      <system value="url"/>
      <value value="https://ancode.app"/>
    </telecom>
  </contact>
  <description value="Classifica o tipo de indicador que está sendo utilizado."/>
  <content value="complete"/>
  <property>
    <code value="use"/>
    <description value="Uso do Tipo do Identificador"/>
    <type value="code"/>
  </property>
  <concept>
    <code value="CPF"/>
    <display value="CPF"/>
  </concept>
  <concept>
    <code value="CNS"/>
    <display value="Cartão Nacional de Saúde"/>
  </concept>
  <concept>
    <code value="RG"/>
    <display value="Registro Geral"/>
  </concept>
  <concept>
    <code value="CNH"/>
    <display value="Carteira Nacional de Habilitação"/>
  </concept>
  <concept>
    <code value="INSS"/>
    <display value="Instituto Nacional do Seguro Social"/>
  </concept>
  <concept>
    <code value="PIS/PASEP"/>
    <display value="Programa de Integração Social / Programa de Formação do Patrimônio do Servidor Público"/>
  </concept>
  <concept>
    <code value="NIT"/>
    <display value="Número de Registro do Trabalhador"/>
  </concept>
  <concept>
    <code value="PASSAPORT"/>
    <display value="Passaporte"/>
  </concept>
  <concept>
    <code value="BIOMETRIA/FACIAL"/>
    <display value="Biometria Facial"/>
  </concept>
  <concept>
    <code value="AUTH"/>
    <display value="AUTH"/>
  </concept>
  <concept>
    <code value="CRA"/>
    <display value="Número de inscrição no Conselho Regional de Administração (CRA)"/>
  </concept>
  <concept>
    <code value="CRESS"/>
    <display value="Número de inscrição no Conselho Regional de Serviço Social (CRESS)"/>
  </concept>
  <concept>
    <code value="CRB"/>
    <display value="Número de inscrição no Conselho Regional de Biblioteconomia (CRB)"/>
  </concept>
  <concept>
    <code value="CRC"/>
    <display value="Número de inscrição no Conselho Regional de Contabilidade (CRC)"/>
  </concept>
  <concept>
    <code value="CRECI"/>
    <display value="Número de inscrição no Conselho Regional de Corretores de Imóveis (CRECI)"/>
  </concept>
  <concept>
    <code value="CORECON"/>
    <display value="Número de inscrição no Conselho Regional de Economia (CORECON)"/>
  </concept>
  <concept>
    <code value="CREA"/>
    <display value="Número de inscrição no Conselho Regional de Engenharia e Agronomia (CREA)"/>
  </concept>
  <concept>
    <code value="CONFRE"/>
    <display value="Número de inscrição no Conselho Regional de Estatística (CONRE)"/>
  </concept>
  <concept>
    <code value="CRF"/>
    <display value="Número de inscrição no Conselho Regional de Farmácia (CRF)"/>
  </concept>
  <concept>
    <code value="CREFITO"/>
    <display value="Número de inscrição no Conselho Regional de Fisioterapia e Terapia Ocupacional (CREFITO)"/>
  </concept>
  <concept>
    <code value="CRM"/>
    <display value="Número de inscrição no Conselho Regional de Medicina (CRM)"/>
  </concept>
  <concept>
    <code value="CRMV"/>
    <display value="Número de inscrição no Conselho Regional de Medicina Veterinária (CRMV)"/>
  </concept>
  <concept>
    <code value="CRN"/>
    <display value="Número de inscrição no Conselho Regional de Nutrição (CRN)"/>
  </concept>
  <concept>
    <code value="CONRERP"/>
    <display value="Número de inscrição no Conselho Regional de Reçações Públicas (CONRERP)"/>
  </concept>
  <concept>
    <code value="CRP"/>
    <display value="Número de inscrição no Conselho Regional de Psicologia (CRP)"/>
  </concept>
  <concept>
    <code value="CRQ"/>
    <display value="Número de inscrição no Conselho Regional de Química (CRQ)"/>
  </concept>
  <concept>
    <code value="CORE"/>
    <display value="Número de inscrição no Conselho Regional de Representantes Comerciais (CORE)"/>
  </concept>
  <concept>
    <code value="CREF"/>
    <display value="Número de inscrição no Conselho Regional de Educação Física (CREF)"/>
  </concept>
  <concept>
    <code value="CAU"/>
    <display value="Número de inscrição no Conselho Regional de Arquitetura e Urbanismo (CAU)"/>
  </concept>
  <concept>
    <code value="CRBIO"/>
    <display value="Número de inscrição no Conselho Regional de Biologia (CRBio)"/>
  </concept>
  <concept>
    <code value="CRBM"/>
    <display value="Número da inscrição no Conselho Regional de Biomedicina (CRBM)"/>
  </concept>
  <concept>
    <code value="CRFA"/>
    <display value="Número da inscrição no Conselho Regional de Fonoaudiologia (CRFa/CREFONO)"/>
  </concept>
  <concept>
    <code value="CRTR"/>
    <display value="Número da inscrição no Conselho Regional de Técnicos em Radiologia (CRTR)"/>
  </concept>
  <concept>
    <code value="CRT"/>
    <display value="Número da inscrição no Conselho Regional dos Técnicos Industriais (CRT)"/>
  </concept>
  <concept>
    <code value="OAB"/>
    <display value="Número de inscrição na Ordem dos Advogados do BRAasil (OAB)"/>
  </concept>
  <concept>
    <code value="IDMIL"/>
    <display value="Número da Identidade Militar"/>
  </concept>
  <concept>
    <code value="IDFUNC"/>
    <display value="Número da Identidade Funcional"/>
  </concept>
  <concept>
    <code value="CNPJ"/>
    <display value="Número de inscrição no Cadastro Nacional da Pessoa Jurídica (CNPJ)"/>
  </concept>
  <concept>
    <code value="IE"/>
    <display value="Inscrição Estadual"/>
  </concept>
  <concept>
    <code value="IM"/>
    <display value="Inscrição Municipal"/>
  </concept>
  <concept>
    <code value="CNES"/>
    <display value="Código Nacional Estabelecimento Saúde"/>
  </concept>
</CodeSystem>