<?xml version="1.0" encoding="UTF-8"?>

<CodeSystem xmlns="http://hl7.org/fhir">
  <id value="BrazilianState"/>
  <text>
    <status value="generated"/><div xmlns="http://www.w3.org/1999/xhtml"><p>This code system https://ancode.app/fhir/CodeSystem/BrazilianState defines the following codes:</p><table class="codes"><tr><td style="white-space:nowrap"><b>Code</b></td><td><b>Display</b></td></tr><tr><td style="white-space:nowrap">AC<a name="BrazilianState-AC"> </a></td><td>Acre</td></tr><tr><td style="white-space:nowrap">AL<a name="BrazilianState-AL"> </a></td><td>Alagoas</td></tr><tr><td style="white-space:nowrap">AP<a name="BrazilianState-AP"> </a></td><td>Amapá</td></tr><tr><td style="white-space:nowrap">AM<a name="BrazilianState-AM"> </a></td><td>Amazonas</td></tr><tr><td style="white-space:nowrap">BA<a name="BrazilianState-BA"> </a></td><td>Bahia</td></tr><tr><td style="white-space:nowrap">CE<a name="BrazilianState-CE"> </a></td><td>Ceará</td></tr><tr><td style="white-space:nowrap">DF<a name="BrazilianState-DF"> </a></td><td>Distrito Federal</td></tr><tr><td style="white-space:nowrap">ES<a name="BrazilianState-ES"> </a></td><td>Espírito Santo</td></tr><tr><td style="white-space:nowrap">GO<a name="BrazilianState-GO"> </a></td><td>Goiás</td></tr><tr><td style="white-space:nowrap">MA<a name="BrazilianState-MA"> </a></td><td>Maranhão</td></tr><tr><td style="white-space:nowrap">MT<a name="BrazilianState-MT"> </a></td><td>Mato Grosso</td></tr><tr><td style="white-space:nowrap">MS<a name="BrazilianState-MS"> </a></td><td>Mato Grosso do Sul</td></tr><tr><td style="white-space:nowrap">MG<a name="BrazilianState-MG"> </a></td><td>Minas Gerais</td></tr><tr><td style="white-space:nowrap">PA<a name="BrazilianState-PA"> </a></td><td>Pará</td></tr><tr><td style="white-space:nowrap">PB<a name="BrazilianState-PB"> </a></td><td>Paraíba</td></tr><tr><td style="white-space:nowrap">PR<a name="BrazilianState-PR"> </a></td><td>Paraná</td></tr><tr><td style="white-space:nowrap">PE<a name="BrazilianState-PE"> </a></td><td>Pernambuco</td></tr><tr><td style="white-space:nowrap">PI<a name="BrazilianState-PI"> </a></td><td>Piauí</td></tr><tr><td style="white-space:nowrap">RJ<a name="BrazilianState-RJ"> </a></td><td>Rio de Janeiro</td></tr><tr><td style="white-space:nowrap">RN<a name="BrazilianState-RN"> </a></td><td>Rio Grande do Norte</td></tr><tr><td style="white-space:nowrap">RS<a name="BrazilianState-RS"> </a></td><td>Rio Grande do Sul</td></tr><tr><td style="white-space:nowrap">RO<a name="BrazilianState-RO"> </a></td><td>Rondônia</td></tr><tr><td style="white-space:nowrap">RR<a name="BrazilianState-RR"> </a></td><td>Roraima</td></tr><tr><td style="white-space:nowrap">SC<a name="BrazilianState-SC"> </a></td><td>Santa Catarina</td></tr><tr><td style="white-space:nowrap">SP<a name="BrazilianState-SP"> </a></td><td>São Paulo</td></tr><tr><td style="white-space:nowrap">SE<a name="BrazilianState-SE"> </a></td><td>Sergipe</td></tr><tr><td style="white-space:nowrap">TO<a name="BrazilianState-TO"> </a></td><td>Tocantins</td></tr></table></div>
  </text>
  <url value="https://ancode.app/fhir/CodeSystem/BrazilianState"/>
  <version value="0.1"/>
  <name value="BrazilianState"/>
  <status value="active"/>
  <experimental value="false"/>
  <date value="2021-05-12T20:18:11.6743763+00:00"/>
  <publisher value="Ancode"/>
  <contact>
    <telecom>
      <system value="url"/>
      <value value="https://ancode.app"/>
    </telecom>
  </contact>
  <description value="Terminologia de unidades federativas do Brasil"/>
  <caseSensitive value="true"/>
  <content value="complete"/>
  <concept>
    <code value="AC"/>
    <display value="Acre"/>
  </concept>
  <concept>
    <code value="AL"/>
    <display value="Alagoas"/>
  </concept>
  <concept>
    <code value="AP"/>
    <display value="Amapá"/>
  </concept>
  <concept>
    <code value="AM"/>
    <display value="Amazonas"/>
  </concept>
  <concept>
    <code value="BA"/>
    <display value="Bahia"/>
  </concept>
  <concept>
    <code value="CE"/>
    <display value="Ceará"/>
  </concept>
  <concept>
    <code value="DF"/>
    <display value="Distrito Federal"/>
  </concept>
  <concept>
    <code value="ES"/>
    <display value="Espírito Santo"/>
  </concept>
  <concept>
    <code value="GO"/>
    <display value="Goiás"/>
  </concept>
  <concept>
    <code value="MA"/>
    <display value="Maranhão"/>
  </concept>
  <concept>
    <code value="MT"/>
    <display value="Mato Grosso"/>
  </concept>
  <concept>
    <code value="MS"/>
    <display value="Mato Grosso do Sul"/>
  </concept>
  <concept>
    <code value="MG"/>
    <display value="Minas Gerais"/>
  </concept>
  <concept>
    <code value="PA"/>
    <display value="Pará"/>
  </concept>
  <concept>
    <code value="PB"/>
    <display value="Paraíba"/>
  </concept>
  <concept>
    <code value="PR"/>
    <display value="Paraná"/>
  </concept>
  <concept>
    <code value="PE"/>
    <display value="Pernambuco"/>
  </concept>
  <concept>
    <code value="PI"/>
    <display value="Piauí"/>
  </concept>
  <concept>
    <code value="RJ"/>
    <display value="Rio de Janeiro"/>
  </concept>
  <concept>
    <code value="RN"/>
    <display value="Rio Grande do Norte"/>
  </concept>
  <concept>
    <code value="RS"/>
    <display value="Rio Grande do Sul"/>
  </concept>
  <concept>
    <code value="RO"/>
    <display value="Rondônia"/>
  </concept>
  <concept>
    <code value="RR"/>
    <display value="Roraima"/>
  </concept>
  <concept>
    <code value="SC"/>
    <display value="Santa Catarina"/>
  </concept>
  <concept>
    <code value="SP"/>
    <display value="São Paulo"/>
  </concept>
  <concept>
    <code value="SE"/>
    <display value="Sergipe"/>
  </concept>
  <concept>
    <code value="TO"/>
    <display value="Tocantins"/>
  </concept>
</CodeSystem>