<?xml version="1.0" encoding="UTF-8"?>

<CodeSystem xmlns="http://hl7.org/fhir">
  <id value="Race"/>
  <text>
    <status value="generated"/><div xmlns="http://www.w3.org/1999/xhtml"><p>This code system https://ancode.app/fhir/CodeSystem/Race defines the following codes:</p><table class="codes"><tr><td style="white-space:nowrap"><b>Code</b></td><td><b>Display</b></td></tr><tr><td style="white-space:nowrap">01<a name="Race-01"> </a></td><td>Branca</td></tr><tr><td style="white-space:nowrap">02<a name="Race-02"> </a></td><td>Preta</td></tr><tr><td style="white-space:nowrap">03<a name="Race-03"> </a></td><td>Parda</td></tr><tr><td style="white-space:nowrap">04<a name="Race-04"> </a></td><td>Amarela</td></tr><tr><td style="white-space:nowrap">05<a name="Race-05"> </a></td><td>Indígena</td></tr></table></div>
  </text>
  <url value="https://ancode.app/fhir/CodeSystem/Race"/>
  <version value="0.1"/>
  <name value="Race"/>
  <status value="active"/>
  <experimental value="false"/>
  <date value="2020-03-11T18:20:40.0457007+00:00"/>
  <publisher value="Ancode"/>
  <contact>
    <telecom>
      <system value="url"/>
      <value value="https://ancode.app"/>
    </telecom>
  </contact>
  <description value="Códigos para representação de raça/cor."/>
  <caseSensitive value="true"/>
  <content value="complete"/>
  <concept>
    <code value="01"/>
    <display value="Branca"/>
  </concept>
  <concept>
    <code value="02"/>
    <display value="Preta"/>
  </concept>
  <concept>
    <code value="03"/>
    <display value="Parda"/>
  </concept>
  <concept>
    <code value="04"/>
    <display value="Amarela"/>
  </concept>
  <concept>
    <code value="05"/>
    <display value="Indígena"/>
  </concept>
</CodeSystem>