{
  "resourceType": "CodeSystem",
  "id": "Race",
  "text": {
    "status": "generated",
    "div": "<div xmlns=\"http://www.w3.org/1999/xhtml\"><p>This code system https://ancode.app/fhir/CodeSystem/Race defines the following codes:</p><table class=\"codes\"><tr><td style=\"white-space:nowrap\"><b>Code</b></td><td><b>Display</b></td></tr><tr><td style=\"white-space:nowrap\">01<a name=\"Race-01\"> </a></td><td>Branca</td></tr><tr><td style=\"white-space:nowrap\">02<a name=\"Race-02\"> </a></td><td>Preta</td></tr><tr><td style=\"white-space:nowrap\">03<a name=\"Race-03\"> </a></td><td>Parda</td></tr><tr><td style=\"white-space:nowrap\">04<a name=\"Race-04\"> </a></td><td>Amarela</td></tr><tr><td style=\"white-space:nowrap\">05<a name=\"Race-05\"> </a></td><td>Indígena</td></tr></table></div>"
  },
  "url": "https://ancode.app/fhir/CodeSystem/Race",
  "version": "0.1",
  "name": "Race",
  "status": "active",
  "experimental": false,
  "date": "2020-03-11T18:20:40.0457007+00:00",
  "publisher": "Ancode",
  "contact": [
    {
      "telecom": [
        {
          "system": "url",
          "value": "https://ancode.app"
        }
      ]
    }
  ],
  "description": "Códigos para representação de raça/cor.",
  "caseSensitive": true,
  "content": "complete",
  "concept": [
    {
      "code": "01",
      "display": "Branca"
    },
    {
      "code": "02",
      "display": "Preta"
    },
    {
      "code": "03",
      "display": "Parda"
    },
    {
      "code": "04",
      "display": "Amarela"
    },
    {
      "code": "05",
      "display": "Indígena"
    }
  ]
}