{
  "resourceType": "CodeSystem",
  "id": "IdentifierType",
  "text": {
    "status": "generated",
    "div": "<div xmlns=\"http://www.w3.org/1999/xhtml\"><p><b>Properties</b></p><table class=\"grid\"><tr><td><b>Code</b></td><td><b>URL</b></td><td><b>Description</b></td><td><b>Type</b></td></tr><tr><td>use</td><td/><td>Uso do Tipo do Identificador</td><td>code</td></tr></table><p>This code system https://ancode.app/fhir/CodeSystem/IdentifierType defines the following codes:</p><table class=\"codes\"><tr><td style=\"white-space:nowrap\"><b>Code</b></td><td><b>Display</b></td></tr><tr><td style=\"white-space:nowrap\">CPF<a name=\"IdentifierType-CPF\"> </a></td><td>CPF</td></tr><tr><td style=\"white-space:nowrap\">CNS<a name=\"IdentifierType-CNS\"> </a></td><td>Cartão Nacional de Saúde</td></tr><tr><td style=\"white-space:nowrap\">RG<a name=\"IdentifierType-RG\"> </a></td><td>Registro Geral</td></tr><tr><td style=\"white-space:nowrap\">CNH<a name=\"IdentifierType-CNH\"> </a></td><td>Carteira Nacional de Habilitação</td></tr><tr><td style=\"white-space:nowrap\">INSS<a name=\"IdentifierType-INSS\"> </a></td><td>Instituto Nacional do Seguro Social</td></tr><tr><td style=\"white-space:nowrap\">PIS/PASEP<a name=\"IdentifierType-PIS.47PASEP\"> </a></td><td>Programa de Integração Social / Programa de Formação do Patrimônio do Servidor Público</td></tr><tr><td style=\"white-space:nowrap\">NIT<a name=\"IdentifierType-NIT\"> </a></td><td>Número de Registro do Trabalhador</td></tr><tr><td style=\"white-space:nowrap\">PASSAPORT<a name=\"IdentifierType-PASSAPORT\"> </a></td><td>Passaporte</td></tr><tr><td style=\"white-space:nowrap\">BIOMETRIA/FACIAL<a name=\"IdentifierType-BIOMETRIA.47FACIAL\"> </a></td><td>Biometria Facial</td></tr><tr><td style=\"white-space:nowrap\">AUTH<a name=\"IdentifierType-AUTH\"> </a></td><td>AUTH</td></tr><tr><td style=\"white-space:nowrap\">CRA<a name=\"IdentifierType-CRA\"> </a></td><td>Número de inscrição no Conselho Regional de Administração (CRA)</td></tr><tr><td style=\"white-space:nowrap\">CRESS<a name=\"IdentifierType-CRESS\"> </a></td><td>Número de inscrição no Conselho Regional de Serviço Social (CRESS)</td></tr><tr><td style=\"white-space:nowrap\">CRB<a name=\"IdentifierType-CRB\"> </a></td><td>Número de inscrição no Conselho Regional de Biblioteconomia (CRB)</td></tr><tr><td style=\"white-space:nowrap\">CRC<a name=\"IdentifierType-CRC\"> </a></td><td>Número de inscrição no Conselho Regional de Contabilidade (CRC)</td></tr><tr><td style=\"white-space:nowrap\">CRECI<a name=\"IdentifierType-CRECI\"> </a></td><td>Número de inscrição no Conselho Regional de Corretores de Imóveis (CRECI)</td></tr><tr><td style=\"white-space:nowrap\">CORECON<a name=\"IdentifierType-CORECON\"> </a></td><td>Número de inscrição no Conselho Regional de Economia (CORECON)</td></tr><tr><td style=\"white-space:nowrap\">CREA<a name=\"IdentifierType-CREA\"> </a></td><td>Número de inscrição no Conselho Regional de Engenharia e Agronomia (CREA)</td></tr><tr><td style=\"white-space:nowrap\">CONFRE<a name=\"IdentifierType-CONFRE\"> </a></td><td>Número de inscrição no Conselho Regional de Estatística (CONRE)</td></tr><tr><td style=\"white-space:nowrap\">CRF<a name=\"IdentifierType-CRF\"> </a></td><td>Número de inscrição no Conselho Regional de Farmácia (CRF)</td></tr><tr><td style=\"white-space:nowrap\">CREFITO<a name=\"IdentifierType-CREFITO\"> </a></td><td>Número de inscrição no Conselho Regional de Fisioterapia e Terapia Ocupacional (CREFITO)</td></tr><tr><td style=\"white-space:nowrap\">CRM<a name=\"IdentifierType-CRM\"> </a></td><td>Número de inscrição no Conselho Regional de Medicina (CRM)</td></tr><tr><td style=\"white-space:nowrap\">CRMV<a name=\"IdentifierType-CRMV\"> </a></td><td>Número de inscrição no Conselho Regional de Medicina Veterinária (CRMV)</td></tr><tr><td style=\"white-space:nowrap\">CRN<a name=\"IdentifierType-CRN\"> </a></td><td>Número de inscrição no Conselho Regional de Nutrição (CRN)</td></tr><tr><td style=\"white-space:nowrap\">CONRERP<a name=\"IdentifierType-CONRERP\"> </a></td><td>Número de inscrição no Conselho Regional de Reçações Públicas (CONRERP)</td></tr><tr><td style=\"white-space:nowrap\">CRP<a name=\"IdentifierType-CRP\"> </a></td><td>Número de inscrição no Conselho Regional de Psicologia (CRP)</td></tr><tr><td style=\"white-space:nowrap\">CRQ<a name=\"IdentifierType-CRQ\"> </a></td><td>Número de inscrição no Conselho Regional de Química (CRQ)</td></tr><tr><td style=\"white-space:nowrap\">CORE<a name=\"IdentifierType-CORE\"> </a></td><td>Número de inscrição no Conselho Regional de Representantes Comerciais (CORE)</td></tr><tr><td style=\"white-space:nowrap\">CREF<a name=\"IdentifierType-CREF\"> </a></td><td>Número de inscrição no Conselho Regional de Educação Física (CREF)</td></tr><tr><td style=\"white-space:nowrap\">CAU<a name=\"IdentifierType-CAU\"> </a></td><td>Número de inscrição no Conselho Regional de Arquitetura e Urbanismo (CAU)</td></tr><tr><td style=\"white-space:nowrap\">CRBIO<a name=\"IdentifierType-CRBIO\"> </a></td><td>Número de inscrição no Conselho Regional de Biologia (CRBio)</td></tr><tr><td style=\"white-space:nowrap\">CRBM<a name=\"IdentifierType-CRBM\"> </a></td><td>Número da inscrição no Conselho Regional de Biomedicina (CRBM)</td></tr><tr><td style=\"white-space:nowrap\">CRFA<a name=\"IdentifierType-CRFA\"> </a></td><td>Número da inscrição no Conselho Regional de Fonoaudiologia (CRFa/CREFONO)</td></tr><tr><td style=\"white-space:nowrap\">CRTR<a name=\"IdentifierType-CRTR\"> </a></td><td>Número da inscrição no Conselho Regional de Técnicos em Radiologia (CRTR)</td></tr><tr><td style=\"white-space:nowrap\">CRT<a name=\"IdentifierType-CRT\"> </a></td><td>Número da inscrição no Conselho Regional dos Técnicos Industriais (CRT)</td></tr><tr><td style=\"white-space:nowrap\">OAB<a name=\"IdentifierType-OAB\"> </a></td><td>Número de inscrição na Ordem dos Advogados do BRAasil (OAB)</td></tr><tr><td style=\"white-space:nowrap\">IDMIL<a name=\"IdentifierType-IDMIL\"> </a></td><td>Número da Identidade Militar</td></tr><tr><td style=\"white-space:nowrap\">IDFUNC<a name=\"IdentifierType-IDFUNC\"> </a></td><td>Número da Identidade Funcional</td></tr><tr><td style=\"white-space:nowrap\">CNPJ<a name=\"IdentifierType-CNPJ\"> </a></td><td>Número de inscrição no Cadastro Nacional da Pessoa Jurídica (CNPJ)</td></tr><tr><td style=\"white-space:nowrap\">IE<a name=\"IdentifierType-IE\"> </a></td><td>Inscrição Estadual</td></tr><tr><td style=\"white-space:nowrap\">IM<a name=\"IdentifierType-IM\"> </a></td><td>Inscrição Municipal</td></tr><tr><td style=\"white-space:nowrap\">CNES<a name=\"IdentifierType-CNES\"> </a></td><td>Código Nacional Estabelecimento Saúde</td></tr></table></div>"
  },
  "url": "https://ancode.app/fhir/CodeSystem/IdentifierType",
  "version": "0.1",
  "name": "IdentifierType",
  "status": "active",
  "experimental": false,
  "date": "2021-11-30",
  "publisher": "Ancode",
  "contact": [
    {
      "telecom": [
        {
          "system": "url",
          "value": "https://ancode.app"
        }
      ]
    }
  ],
  "description": "Classifica o tipo de indicador que está sendo utilizado.",
  "content": "complete",
  "property": [
    {
      "code": "use",
      "description": "Uso do Tipo do Identificador",
      "type": "code"
    }
  ],
  "concept": [
    {
      "code": "CPF",
      "display": "CPF"
    },
    {
      "code": "CNS",
      "display": "Cartão Nacional de Saúde"
    },
    {
      "code": "RG",
      "display": "Registro Geral"
    },
    {
      "code": "CNH",
      "display": "Carteira Nacional de Habilitação"
    },
    {
      "code": "INSS",
      "display": "Instituto Nacional do Seguro Social"
    },
    {
      "code": "PIS/PASEP",
      "display": "Programa de Integração Social / Programa de Formação do Patrimônio do Servidor Público"
    },
    {
      "code": "NIT",
      "display": "Número de Registro do Trabalhador"
    },
    {
      "code": "PASSAPORT",
      "display": "Passaporte"
    },
    {
      "code": "BIOMETRIA/FACIAL",
      "display": "Biometria Facial"
    },
    {
      "code": "AUTH",
      "display": "AUTH"
    },
    {
      "code": "CRA",
      "display": "Número de inscrição no Conselho Regional de Administração (CRA)"
    },
    {
      "code": "CRESS",
      "display": "Número de inscrição no Conselho Regional de Serviço Social (CRESS)"
    },
    {
      "code": "CRB",
      "display": "Número de inscrição no Conselho Regional de Biblioteconomia (CRB)"
    },
    {
      "code": "CRC",
      "display": "Número de inscrição no Conselho Regional de Contabilidade (CRC)"
    },
    {
      "code": "CRECI",
      "display": "Número de inscrição no Conselho Regional de Corretores de Imóveis (CRECI)"
    },
    {
      "code": "CORECON",
      "display": "Número de inscrição no Conselho Regional de Economia (CORECON)"
    },
    {
      "code": "CREA",
      "display": "Número de inscrição no Conselho Regional de Engenharia e Agronomia (CREA)"
    },
    {
      "code": "CONFRE",
      "display": "Número de inscrição no Conselho Regional de Estatística (CONRE)"
    },
    {
      "code": "CRF",
      "display": "Número de inscrição no Conselho Regional de Farmácia (CRF)"
    },
    {
      "code": "CREFITO",
      "display": "Número de inscrição no Conselho Regional de Fisioterapia e Terapia Ocupacional (CREFITO)"
    },
    {
      "code": "CRM",
      "display": "Número de inscrição no Conselho Regional de Medicina (CRM)"
    },
    {
      "code": "CRMV",
      "display": "Número de inscrição no Conselho Regional de Medicina Veterinária (CRMV)"
    },
    {
      "code": "CRN",
      "display": "Número de inscrição no Conselho Regional de Nutrição (CRN)"
    },
    {
      "code": "CONRERP",
      "display": "Número de inscrição no Conselho Regional de Reçações Públicas (CONRERP)"
    },
    {
      "code": "CRP",
      "display": "Número de inscrição no Conselho Regional de Psicologia (CRP)"
    },
    {
      "code": "CRQ",
      "display": "Número de inscrição no Conselho Regional de Química (CRQ)"
    },
    {
      "code": "CORE",
      "display": "Número de inscrição no Conselho Regional de Representantes Comerciais (CORE)"
    },
    {
      "code": "CREF",
      "display": "Número de inscrição no Conselho Regional de Educação Física (CREF)"
    },
    {
      "code": "CAU",
      "display": "Número de inscrição no Conselho Regional de Arquitetura e Urbanismo (CAU)"
    },
    {
      "code": "CRBIO",
      "display": "Número de inscrição no Conselho Regional de Biologia (CRBio)"
    },
    {
      "code": "CRBM",
      "display": "Número da inscrição no Conselho Regional de Biomedicina (CRBM)"
    },
    {
      "code": "CRFA",
      "display": "Número da inscrição no Conselho Regional de Fonoaudiologia (CRFa/CREFONO)"
    },
    {
      "code": "CRTR",
      "display": "Número da inscrição no Conselho Regional de Técnicos em Radiologia (CRTR)"
    },
    {
      "code": "CRT",
      "display": "Número da inscrição no Conselho Regional dos Técnicos Industriais (CRT)"
    },
    {
      "code": "OAB",
      "display": "Número de inscrição na Ordem dos Advogados do BRAasil (OAB)"
    },
    {
      "code": "IDMIL",
      "display": "Número da Identidade Militar"
    },
    {
      "code": "IDFUNC",
      "display": "Número da Identidade Funcional"
    },
    {
      "code": "CNPJ",
      "display": "Número de inscrição no Cadastro Nacional da Pessoa Jurídica (CNPJ)"
    },
    {
      "code": "IE",
      "display": "Inscrição Estadual"
    },
    {
      "code": "IM",
      "display": "Inscrição Municipal"
    },
    {
      "code": "CNES",
      "display": "Código Nacional Estabelecimento Saúde"
    }
  ]
}