{
  "resourceType": "CodeSystem",
  "id": "BrazilianState",
  "text": {
    "status": "generated",
    "div": "<div xmlns=\"http://www.w3.org/1999/xhtml\"><p>This code system https://ancode.app/fhir/CodeSystem/BrazilianState defines the following codes:</p><table class=\"codes\"><tr><td style=\"white-space:nowrap\"><b>Code</b></td><td><b>Display</b></td></tr><tr><td style=\"white-space:nowrap\">AC<a name=\"BrazilianState-AC\"> </a></td><td>Acre</td></tr><tr><td style=\"white-space:nowrap\">AL<a name=\"BrazilianState-AL\"> </a></td><td>Alagoas</td></tr><tr><td style=\"white-space:nowrap\">AP<a name=\"BrazilianState-AP\"> </a></td><td>Amapá</td></tr><tr><td style=\"white-space:nowrap\">AM<a name=\"BrazilianState-AM\"> </a></td><td>Amazonas</td></tr><tr><td style=\"white-space:nowrap\">BA<a name=\"BrazilianState-BA\"> </a></td><td>Bahia</td></tr><tr><td style=\"white-space:nowrap\">CE<a name=\"BrazilianState-CE\"> </a></td><td>Ceará</td></tr><tr><td style=\"white-space:nowrap\">DF<a name=\"BrazilianState-DF\"> </a></td><td>Distrito Federal</td></tr><tr><td style=\"white-space:nowrap\">ES<a name=\"BrazilianState-ES\"> </a></td><td>Espírito Santo</td></tr><tr><td style=\"white-space:nowrap\">GO<a name=\"BrazilianState-GO\"> </a></td><td>Goiás</td></tr><tr><td style=\"white-space:nowrap\">MA<a name=\"BrazilianState-MA\"> </a></td><td>Maranhão</td></tr><tr><td style=\"white-space:nowrap\">MT<a name=\"BrazilianState-MT\"> </a></td><td>Mato Grosso</td></tr><tr><td style=\"white-space:nowrap\">MS<a name=\"BrazilianState-MS\"> </a></td><td>Mato Grosso do Sul</td></tr><tr><td style=\"white-space:nowrap\">MG<a name=\"BrazilianState-MG\"> </a></td><td>Minas Gerais</td></tr><tr><td style=\"white-space:nowrap\">PA<a name=\"BrazilianState-PA\"> </a></td><td>Pará</td></tr><tr><td style=\"white-space:nowrap\">PB<a name=\"BrazilianState-PB\"> </a></td><td>Paraíba</td></tr><tr><td style=\"white-space:nowrap\">PR<a name=\"BrazilianState-PR\"> </a></td><td>Paraná</td></tr><tr><td style=\"white-space:nowrap\">PE<a name=\"BrazilianState-PE\"> </a></td><td>Pernambuco</td></tr><tr><td style=\"white-space:nowrap\">PI<a name=\"BrazilianState-PI\"> </a></td><td>Piauí</td></tr><tr><td style=\"white-space:nowrap\">RJ<a name=\"BrazilianState-RJ\"> </a></td><td>Rio de Janeiro</td></tr><tr><td style=\"white-space:nowrap\">RN<a name=\"BrazilianState-RN\"> </a></td><td>Rio Grande do Norte</td></tr><tr><td style=\"white-space:nowrap\">RS<a name=\"BrazilianState-RS\"> </a></td><td>Rio Grande do Sul</td></tr><tr><td style=\"white-space:nowrap\">RO<a name=\"BrazilianState-RO\"> </a></td><td>Rondônia</td></tr><tr><td style=\"white-space:nowrap\">RR<a name=\"BrazilianState-RR\"> </a></td><td>Roraima</td></tr><tr><td style=\"white-space:nowrap\">SC<a name=\"BrazilianState-SC\"> </a></td><td>Santa Catarina</td></tr><tr><td style=\"white-space:nowrap\">SP<a name=\"BrazilianState-SP\"> </a></td><td>São Paulo</td></tr><tr><td style=\"white-space:nowrap\">SE<a name=\"BrazilianState-SE\"> </a></td><td>Sergipe</td></tr><tr><td style=\"white-space:nowrap\">TO<a name=\"BrazilianState-TO\"> </a></td><td>Tocantins</td></tr></table></div>"
  },
  "url": "https://ancode.app/fhir/CodeSystem/BrazilianState",
  "version": "0.1",
  "name": "BrazilianState",
  "status": "active",
  "experimental": false,
  "date": "2021-05-12T20:18:11.6743763+00:00",
  "publisher": "Ancode",
  "contact": [
    {
      "telecom": [
        {
          "system": "url",
          "value": "https://ancode.app"
        }
      ]
    }
  ],
  "description": "Terminologia de unidades federativas do Brasil",
  "caseSensitive": true,
  "content": "complete",
  "concept": [
    {
      "code": "AC",
      "display": "Acre"
    },
    {
      "code": "AL",
      "display": "Alagoas"
    },
    {
      "code": "AP",
      "display": "Amapá"
    },
    {
      "code": "AM",
      "display": "Amazonas"
    },
    {
      "code": "BA",
      "display": "Bahia"
    },
    {
      "code": "CE",
      "display": "Ceará"
    },
    {
      "code": "DF",
      "display": "Distrito Federal"
    },
    {
      "code": "ES",
      "display": "Espírito Santo"
    },
    {
      "code": "GO",
      "display": "Goiás"
    },
    {
      "code": "MA",
      "display": "Maranhão"
    },
    {
      "code": "MT",
      "display": "Mato Grosso"
    },
    {
      "code": "MS",
      "display": "Mato Grosso do Sul"
    },
    {
      "code": "MG",
      "display": "Minas Gerais"
    },
    {
      "code": "PA",
      "display": "Pará"
    },
    {
      "code": "PB",
      "display": "Paraíba"
    },
    {
      "code": "PR",
      "display": "Paraná"
    },
    {
      "code": "PE",
      "display": "Pernambuco"
    },
    {
      "code": "PI",
      "display": "Piauí"
    },
    {
      "code": "RJ",
      "display": "Rio de Janeiro"
    },
    {
      "code": "RN",
      "display": "Rio Grande do Norte"
    },
    {
      "code": "RS",
      "display": "Rio Grande do Sul"
    },
    {
      "code": "RO",
      "display": "Rondônia"
    },
    {
      "code": "RR",
      "display": "Roraima"
    },
    {
      "code": "SC",
      "display": "Santa Catarina"
    },
    {
      "code": "SP",
      "display": "São Paulo"
    },
    {
      "code": "SE",
      "display": "Sergipe"
    },
    {
      "code": "TO",
      "display": "Tocantins"
    }
  ]
}