<?xml version="1.0" encoding="UTF-8"?>

<Person xmlns="http://hl7.org/fhir">
  <id value="Example1"/>
  <meta>
    <profile value="https://ancode.app/fhir/StructureDefinition/Person"/>
  </meta>
  <text>
    <status value="generated"/><div xmlns="http://www.w3.org/1999/xhtml"><p><b>Generated Narrative</b></p><p><b>identifier</b>: CPF: 444444444 (OFFICIAL)</p><p><b>name</b>: Harold Hippocrates(OFFICIAL)</p><p><b>telecom</b>: ph: 555-555-1003(WORK)</p><p><b>gender</b>: male</p><p><b>birthDate</b>: 1959-04-22</p><p><b>address</b>: 1003 Healthcare Drive, Northfield MN(HOME)</p><p><b>active</b>: true</p></div>
  </text>
  <identifier>
    <use value="official"/>
    <type>
      <coding>
        <system value="https://ancode.app/fhir/CodeSystem/IdentifierType"/>
        <code value="CPF"/>
      </coding>
    </type>
    <value value="444444444"/>
  </identifier>
  <name>
    <use value="official"/>
    <text value="Harold Hippocrates"/>
    <family value="Hippocrates"/>
    <given value="Harold"/>
  </name>
  <telecom>
    <system value="phone"/>
    <value value="555-555-1003"/>
    <use value="work"/>
  </telecom>
  <gender value="male"/>
  <birthDate value="1959-04-22"/>
  <address>
    <use value="home"/>
    <type value="physical"/>
    <text value="1003 Healthcare Drive, Northfield MN"/>
    <line value="1003 Healthcare Drive,"/>
    <line value="Northfield MN"/>
    <city value="Northfield"/>
    <state value="MN"/>
    <postalCode value="12345123"/>
    <country value="Brasil"/>
  </address>
  <active value="true"/>
</Person>