{
  "resourceType": "Person",
  "id": "Example1",
  "meta": {
    "profile": [
      "https://ancode.app/fhir/StructureDefinition/Person"
    ]
  },
  "text": {
    "status": "generated",
    "div": "<div xmlns=\"http://www.w3.org/1999/xhtml\"><p><b>Generated Narrative</b></p><p><b>identifier</b>: CPF: 444444444 (OFFICIAL)</p><p><b>name</b>: Harold Hippocrates(OFFICIAL)</p><p><b>telecom</b>: ph: 555-555-1003(WORK)</p><p><b>gender</b>: male</p><p><b>birthDate</b>: 1959-04-22</p><p><b>address</b>: 1003 Healthcare Drive, Northfield MN(HOME)</p><p><b>active</b>: true</p></div>"
  },
  "identifier": [
    {
      "use": "official",
      "type": {
        "coding": [
          {
            "system": "https://ancode.app/fhir/CodeSystem/IdentifierType",
            "code": "CPF"
          }
        ]
      },
      "value": "444444444"
    }
  ],
  "name": [
    {
      "use": "official",
      "text": "Harold Hippocrates",
      "family": "Hippocrates",
      "given": [
        "Harold"
      ]
    }
  ],
  "telecom": [
    {
      "system": "phone",
      "value": "555-555-1003",
      "use": "work"
    }
  ],
  "gender": "male",
  "birthDate": "1959-04-22",
  "address": [
    {
      "use": "home",
      "type": "physical",
      "text": "1003 Healthcare Drive, Northfield MN",
      "line": [
        "1003 Healthcare Drive,",
        "Northfield MN"
      ],
      "city": "Northfield",
      "state": "MN",
      "postalCode": "12345123",
      "country": "Brasil"
    }
  ],
  "active": true
}