{
  "package": "ancode.app.fhir.anhealth",
  "version": "0.1",
  "fhirVersion": "4.0.1",
  "extensions": [
    {
      "url": "https://ancode.app/fhir/StructureDefinition/AddressComplement",
      "title": "AddressComplement",
      "types": [
        "string"
      ]
    },
    {
      "url": "https://ancode.app/fhir/StructureDefinition/City",
      "title": "City",
      "types": [
        "string"
      ]
    },
    {
      "url": "https://ancode.app/fhir/StructureDefinition/Country",
      "title": "Country",
      "types": [
        "CodeableConcept",
        "string",
        "Extension",
        "Coding",
        "string",
        "Extension",
        "uri",
        "string",
        "code",
        "string",
        "boolean",
        "string"
      ]
    },
    {
      "url": "https://ancode.app/fhir/StructureDefinition/HealthPublicSevice",
      "title": "HealthPublicSevice",
      "types": [
        "boolean"
      ]
    },
    {
      "url": "https://ancode.app/fhir/StructureDefinition/IBGECode",
      "title": "IBGECode",
      "types": [
        "string"
      ]
    },
    {
      "url": "https://ancode.app/fhir/StructureDefinition/Neighborhood",
      "title": "Neighborhood",
      "types": [
        "string"
      ]
    },
    {
      "url": "https://ancode.app/fhir/StructureDefinition/ProtectedPerson",
      "title": "ProtectedPerson",
      "types": [
        "boolean"
      ]
    },
    {
      "url": "https://ancode.app/fhir/StructureDefinition/Race",
      "title": "Race",
      "types": [
        "CodeableConcept",
        "string",
        "Extension",
        "Coding",
        "string",
        "Extension",
        "uri",
        "string",
        "code",
        "string",
        "boolean",
        "string"
      ]
    },
    {
      "url": "https://ancode.app/fhir/StructureDefinition/StreetName",
      "title": "StreetName",
      "types": [
        "string"
      ]
    },
    {
      "url": "https://ancode.app/fhir/StructureDefinition/StreetNumber",
      "title": "StreetNumber",
      "types": [
        "string"
      ]
    },
    {
      "url": "https://ancode.app/fhir/StructureDefinition/StreetType",
      "title": "StreetType",
      "types": [
        "string"
      ]
    }
  ],
  "profiles": {
    "Appointment": [
      {
        "url": "https://ancode.app/fhir/StructureDefinition/Appointment",
        "title": "Appointment"
      }
    ],
    "AppointmentResponse": [
      {
        "url": "https://ancode.app/fhir/StructureDefinition/AppointmentResponse",
        "title": "AppointmentResponse"
      }
    ],
    "Encounter": [
      {
        "url": "https://ancode.app/fhir/StructureDefinition/Encounter",
        "title": "Encounter"
      }
    ],
    "HealthcareService": [
      {
        "url": "https://ancode.app/fhir/StructureDefinition/HealthcareService",
        "title": "HealthcareService"
      }
    ],
    "Location": [
      {
        "url": "https://ancode.app/fhir/StructureDefinition/Location",
        "title": "Location"
      }
    ],
    "Organization": [
      {
        "url": "https://ancode.app/fhir/StructureDefinition/Organization",
        "title": "Organization"
      }
    ],
    "OrganizationAffiliation": [
      {
        "url": "https://ancode.app/fhir/StructureDefinition/OrganizationAffiliation",
        "title": "OrganizationAffiliation"
      }
    ],
    "Patient": [
      {
        "url": "https://ancode.app/fhir/StructureDefinition/Patient",
        "title": "Patient"
      }
    ],
    "Person": [
      {
        "url": "https://ancode.app/fhir/StructureDefinition/Person",
        "title": "Person"
      }
    ],
    "Practitioner": [
      {
        "url": "https://ancode.app/fhir/StructureDefinition/Practitioner",
        "title": "Practitioner"
      }
    ],
    "PractitionerRole": [
      {
        "url": "https://ancode.app/fhir/StructureDefinition/PractitionerRole",
        "title": "PractitionerRole"
      }
    ],
    "RelatedPerson": [
      {
        "url": "https://ancode.app/fhir/StructureDefinition/RelatedPerson",
        "title": "RelatedPerson"
      }
    ],
    "Schedule": [
      {
        "url": "https://ancode.app/fhir/StructureDefinition/Schedule",
        "title": "Schedule"
      }
    ],
    "Slot": [
      {
        "url": "https://ancode.app/fhir/StructureDefinition/Slot",
        "title": "Slot"
      }
    ]
  },
  "usage": {
    "http://hl7.org/fhir/StructureDefinition/elementdefinition-bestpractice": [
      "StructureDefinition.snapshot.element.constraint"
    ],
    "http://hl7.org/fhir/StructureDefinition/elementdefinition-bestpractice-explanation": [
      "StructureDefinition.snapshot.element.constraint"
    ],
    "http://hl7.org/fhir/StructureDefinition/elementdefinition-bindingName": [
      "StructureDefinition.snapshot.element.binding"
    ],
    "http://hl7.org/fhir/StructureDefinition/elementdefinition-isCommonBinding": [
      "StructureDefinition.snapshot.element.binding"
    ],
    "http://hl7.org/fhir/StructureDefinition/elementdefinition-maxValueSet": [
      "StructureDefinition.snapshot.element.binding"
    ],
    "http://hl7.org/fhir/StructureDefinition/elementdefinition-translatable": [
      "StructureDefinition.snapshot.element"
    ],
    "http://hl7.org/fhir/StructureDefinition/structuredefinition-explicit-type-name": [
      "StructureDefinition.snapshot.element"
    ],
    "http://hl7.org/fhir/StructureDefinition/structuredefinition-fhir-type": [
      "StructureDefinition.snapshot.element.type"
    ],
    "http://hl7.org/fhir/StructureDefinition/structuredefinition-hierarchy": [
      "StructureDefinition.snapshot.element.type"
    ],
    "http://hl7.org/fhir/tools/StructureDefinition/ig-parameter": [
      "ImplementationGuide.definition"
    ],
    "http://hl7.org/fhir/tools/StructureDefinition/resource-information": [
      "ImplementationGuide.definition.resource"
    ],
    "https://ancode.app/fhir/StructureDefinition/AddressComplement": [
      "Address"
    ],
    "https://ancode.app/fhir/StructureDefinition/City": [
      "Patient"
    ],
    "https://ancode.app/fhir/StructureDefinition/Country": [
      "Patient"
    ],
    "https://ancode.app/fhir/StructureDefinition/HealthPublicSevice": [
      "Organization"
    ],
    "https://ancode.app/fhir/StructureDefinition/IBGECode": [
      "Address"
    ],
    "https://ancode.app/fhir/StructureDefinition/Neighborhood": [
      "Address"
    ],
    "https://ancode.app/fhir/StructureDefinition/ProtectedPerson": [
      "Patient"
    ],
    "https://ancode.app/fhir/StructureDefinition/Race": [
      "Patient"
    ],
    "https://ancode.app/fhir/StructureDefinition/StreetName": [
      "Address"
    ],
    "https://ancode.app/fhir/StructureDefinition/StreetNumber": [
      "Address"
    ],
    "https://ancode.app/fhir/StructureDefinition/StreetType": [
      "Address"
    ]
  }
}