<?xml version="1.0" encoding="UTF-8"?>

<ValueSet xmlns="http://hl7.org/fhir">
  <id value="Race"/>
  <text>
    <status value="generated"/><div xmlns="http://www.w3.org/1999/xhtml"><ul><li>Include all codes defined in <a href="CodeSystem-Race.html"><code>https://ancode.app/fhir/CodeSystem/Race</code></a></li></ul></div>
  </text>
  <url value="https://ancode.app/fhir/ValueSet/Race"/>
  <version value="0.1"/>
  <name value="Race"/>
  <status value="active"/>
  <experimental value="false"/>
  <date value="2020-03-12T13:25:38.9038219+00:00"/>
  <publisher value="Ancode"/>
  <contact>
    <telecom>
      <system value="url"/>
      <value value="https://ancode.app"/>
    </telecom>
  </contact>
  <description value="Códigos para representação de raça/cor no Brasil."/>
  <immutable value="false"/>
  <compose>
    <include>
      <system value="https://ancode.app/fhir/CodeSystem/Race"/>
    </include>
  </compose>
</ValueSet>