<?xml version="1.0" encoding="UTF-8"?>

<ValueSet xmlns="http://hl7.org/fhir">
  <id value="IdentifierType"/>
  <text>
    <status value="generated"/><div xmlns="http://www.w3.org/1999/xhtml"><ul><li>Include all codes defined in <a href="CodeSystem-IdentifierType.html"><code>https://ancode.app/fhir/CodeSystem/IdentifierType</code></a></li></ul></div>
  </text>
  <url value="https://ancode.app/fhir/ValueSet/IdentifierType"/>
  <version value="0.1"/>
  <name value="IdentifierType"/>
  <status value="active"/>
  <experimental value="false"/>
  <date value="2021-11-30"/>
  <publisher value="Ancode"/>
  <contact>
    <telecom>
      <system value="url"/>
      <value value="https://ancode.app"/>
    </telecom>
  </contact>
  <description value="Classifica o tipo de documento."/>
  <immutable value="false"/>
  <compose>
    <include>
      <system value="https://ancode.app/fhir/CodeSystem/IdentifierType"/>
    </include>
  </compose>
</ValueSet>