<?xml version="1.0" encoding="UTF-8"?>

<ValueSet xmlns="http://hl7.org/fhir">
  <id value="BrazilianState"/>
  <language value="pt-BR"/>
  <text>
    <status value="generated"/><div xmlns="http://www.w3.org/1999/xhtml" xml:lang="pt-BR" lang="pt-BR"><ul><li>Include all codes defined in <a href="CodeSystem-BrazilianState.html"><code>https://ancode.app/fhir/CodeSystem/BrazilianState</code></a></li></ul></div>
  </text>
  <url value="https://ancode.app/fhir/ValueSet/BrazilianState"/>
  <version value="0.1"/>
  <name value="BrazilianState"/>
  <status value="active"/>
  <experimental value="false"/>
  <date value="2020-03-11T18:43:43.0294815+00:00"/>
  <publisher value="Ancode"/>
  <contact>
    <telecom>
      <system value="url"/>
      <value value="https://ancode.app"/>
    </telecom>
  </contact>
  <description value="Domínio de valores de Unidade Federativa para classificação."/>
  <immutable value="false"/>
  <compose>
    <include>
      <system value="https://ancode.app/fhir/CodeSystem/BrazilianState"/>
      <version value="*"/>
    </include>
  </compose>
</ValueSet>