<?xml version="1.0" encoding="UTF-8"?>

<ValueSet xmlns="http://hl7.org/fhir">
  <id value="Country"/>
  <meta>
    <lastUpdated value="2020-03-13T18:12:15.917-03:00"/>
  </meta>
  <text>
    <status value="generated"/><div xmlns="http://www.w3.org/1999/xhtml"><ul><li>Include all codes defined in <a href="CodeSystem-Country.html"><code>https://ancode.app/fhir/CodeSystem/Country</code></a></li></ul></div>
  </text>
  <url value="https://ancode.app/fhir/ValueSet/Country"/>
  <version value="0.1"/>
  <name value="Country"/>
  <status value="active"/>
  <experimental value="false"/>
  <date value="2020-03-13T21:12:40.0380164+00:00"/>
  <publisher value="Ancode"/>
  <contact>
    <telecom>
      <system value="url"/>
      <value value="https://ancode.app"/>
    </telecom>
  </contact>
  <description value="Códigos para representação de países."/>
  <immutable value="false"/>
  <compose>
    <include>
      <system value="https://ancode.app/fhir/CodeSystem/Country"/>
    </include>
  </compose>
</ValueSet>