{
  "resourceType": "ValueSet",
  "id": "Country",
  "meta": {
    "lastUpdated": "2020-03-13T18:12:15.917-03:00"
  },
  "text": {
    "status": "generated",
    "div": "<div xmlns=\"http://www.w3.org/1999/xhtml\"><ul><li>Include all codes defined in <a href=\"CodeSystem-Country.html\"><code>https://ancode.app/fhir/CodeSystem/Country</code></a></li></ul></div>"
  },
  "url": "https://ancode.app/fhir/ValueSet/Country",
  "version": "0.1",
  "name": "Country",
  "status": "active",
  "experimental": false,
  "date": "2020-03-13T21:12:40.0380164+00:00",
  "publisher": "Ancode",
  "contact": [
    {
      "telecom": [
        {
          "system": "url",
          "value": "https://ancode.app"
        }
      ]
    }
  ],
  "description": "Códigos para representação de países.",
  "immutable": false,
  "compose": {
    "include": [
      {
        "system": "https://ancode.app/fhir/CodeSystem/Country"
      }
    ]
  }
}