{
  "resourceType": "ValueSet",
  "id": "IdentifierType",
  "text": {
    "status": "generated",
    "div": "<div xmlns=\"http://www.w3.org/1999/xhtml\"><ul><li>Include all codes defined in <a href=\"CodeSystem-IdentifierType.html\"><code>https://ancode.app/fhir/CodeSystem/IdentifierType</code></a></li></ul></div>"
  },
  "url": "https://ancode.app/fhir/ValueSet/IdentifierType",
  "version": "0.1",
  "name": "IdentifierType",
  "status": "active",
  "experimental": false,
  "date": "2021-11-30",
  "publisher": "Ancode",
  "contact": [
    {
      "telecom": [
        {
          "system": "url",
          "value": "https://ancode.app"
        }
      ]
    }
  ],
  "description": "Classifica o tipo de documento.",
  "immutable": false,
  "compose": {
    "include": [
      {
        "system": "https://ancode.app/fhir/CodeSystem/IdentifierType"
      }
    ]
  }
}