{
  "resourceType": "ValueSet",
  "id": "BrazilianState",
  "language": "pt-BR",
  "text": {
    "status": "generated",
    "div": "<div xmlns=\"http://www.w3.org/1999/xhtml\" xml:lang=\"pt-BR\" lang=\"pt-BR\"><ul><li>Include all codes defined in <a href=\"CodeSystem-BrazilianState.html\"><code>https://ancode.app/fhir/CodeSystem/BrazilianState</code></a></li></ul></div>"
  },
  "url": "https://ancode.app/fhir/ValueSet/BrazilianState",
  "version": "0.1",
  "name": "BrazilianState",
  "status": "active",
  "experimental": false,
  "date": "2020-03-11T18:43:43.0294815+00:00",
  "publisher": "Ancode",
  "contact": [
    {
      "telecom": [
        {
          "system": "url",
          "value": "https://ancode.app"
        }
      ]
    }
  ],
  "description": "Domínio de valores de Unidade Federativa para classificação.",
  "immutable": false,
  "compose": {
    "include": [
      {
        "system": "https://ancode.app/fhir/CodeSystem/BrazilianState",
        "version": "*"
      }
    ]
  }
}